environment,id,enquiry_id,vendor_id,status,created_at,total_pence,commission_percent,commission_pence,recorded_vendor_payout_pence,expected_commission_pence_at_10_percent,commission_rate_id,rate_source,rate_is_first_order,attribution_source,explicitly_marked_test_or_demo,provenance,deposit_paid,balance_paid,transfer_recorded
"development","55f4cdd0-d8b2-4622-ab8a-3edbf48b9d2a","5b1d5c0f-c261-459e-b9eb-d1f4e70ab438","f41fb802-46d9-45af-bd85-b1d03673559e","CONFIRMED","2026-09-03T21:29:10.471+00:00","24000","12.00","2880","21120","2400","","","","","true","test-factory","false","false","false"
"development","7bcaa6bf-4bc9-406f-b488-0b5c02bf48b3","3ba6aded-5701-42c8-af81-3a9d8df8d909","94bfd821-3f46-4400-9e00-b3a2942bfefc","CONFIRMED","2026-09-03T21:33:30.177+00:00","24000","12.00","2880","21120","2400","","","","","true","test-factory","false","false","false"
"development","f986a586-a9b7-4316-8e8c-8aae5bcb82b6","6d5aa025-d775-4588-96e4-0000438b735a","ab854cb7-3d6d-4b95-b091-d509f44d0a30","CONFIRMED","2026-09-03T21:54:00.825+00:00","24000","12.00","2880","21120","2400","","","","","true","test-factory","false","false","false"
"development","94493e66-3e13-42c6-af9f-3b0aca7a1d85","0f772ec6-2f12-4219-92d9-712ab4aa3a04","0f688b5a-f192-463d-92ec-04fcfad01397","CONFIRMED","2026-09-03T22:17:44.614+00:00","24000","12.00","2880","21120","2400","","","","","true","test-factory","false","false","false"
"development","aa0fb235-8b44-4a0d-b903-3c4bf40dc3cb","f459bfc1-0602-4c4a-a199-13745c50aa35","236abf67-5977-4bee-9b29-b5e330e89bb1","CONFIRMED","2026-09-03T22:53:43.832+00:00","24000","12.00","2880","21120","2400","","","","","true","test-factory","false","false","false"
"development","c80e89bb-26af-4510-9a35-9925f2e3a30b","bf6df5a8-1635-4d24-bc16-f5ab0d980824","95d29f84-b0ea-4669-9726-1a813b662eea","CONFIRMED","2026-09-03T23:03:57.232+00:00","24000","12.00","2880","21120","2400","","","","","true","test-factory","false","false","false"
"development","ea8c99f2-6adf-469a-8262-06b1704825aa","d55f1c0c-80e9-44e3-bb21-d22d80bd9140","9437a665-232e-4bca-9db0-000d7effbd00","CONFIRMED","2026-09-03T23:12:21.566+00:00","24000","12.00","2880","21120","2400","","","","","true","test-factory","false","false","false"
"development","4c1f87ad-4b41-47aa-9845-b19729c0095a","77c550b3-aa34-4fd4-821b-d22515afb5eb","a4752a88-f993-4b93-8a2d-56acd08682ae","CONFIRMED","2026-09-03T23:21:24.473+00:00","24000","12.00","2880","21120","2400","","","","","true","test-factory","false","false","false"
"development","da903cc1-cfb1-491c-8d55-d46c10a08fc6","ea054992-edd3-4f4c-989e-2b0341f3e6f3","9c3243a2-6f1c-4df9-8565-d84b55d9080c","CONFIRMED","2026-09-03T23:30:40.514+00:00","24000","12.00","2880","21120","2400","","","","","true","test-factory","false","false","false"
"development","1b150236-c5cd-4994-bab1-2e7a4e5bb522","b9210f06-aabb-4f1f-9c0d-10b7b87f35cf","72c0c1ad-8405-43a1-9c20-90f7277d1b35","CONFIRMED","2026-09-03T23:40:43.428+00:00","24000","12.00","2880","21120","2400","","","","","true","test-factory","false","false","false"
"development","f365e638-e42b-4caf-8f53-8938a315888c","9644627c-a29e-425a-a9b0-322df8e1a94b","3dadab99-05ed-48f2-b3cb-08be58b5773e","CONFIRMED","2026-09-03T23:48:34.813+00:00","24000","12.00","2880","21120","2400","","","","","true","test-factory","false","false","false"
"development","3a5daef1-da14-4dc7-95b4-89b762babdcf","dde68b84-0bec-4fc4-9972-e3f19d6597d9","d5dd894f-949b-4856-a24f-73cc81b03eb6","CONFIRMED","2026-09-03T23:57:23.698+00:00","24000","12.00","2880","21120","2400","","","","","true","test-factory","false","false","false"
"development","6e4164d6-508b-40d7-a3dc-68742312d800","d901fdb3-99cb-47b9-a611-233c0d0e46ea","8e711630-ea7c-4904-b8ae-8ccdf7843525","CONFIRMED","2026-09-04T00:04:23.761+00:00","24000","12.00","2880","21120","2400","","","","","true","test-factory","false","false","false"
"development","1c4c5454-f80b-4da5-a573-375f90442f0d","b0169eab-f908-4fdc-989c-ce90e0bae942","8640d081-7d21-40c0-bcad-62324b2e53c5","CONFIRMED","2026-09-04T00:11:53.273+00:00","24000","12.00","2880","21120","2400","","","","","true","test-factory","false","false","false"
"development","c62ffa0a-c21f-4915-a6eb-246dbc799ba1","e4c6f907-3e67-496f-b852-c581269f30ef","3f66067d-449f-40aa-abcc-9def992d431a","CONFIRMED","2026-09-04T00:25:57.528+00:00","24000","12.00","2880","21120","2400","","","","","true","test-factory","false","false","false"
"development","4242614c-2e00-4fca-9fe6-2a97ccec391a","950c55f4-000a-4f75-b835-73204d451bf6","0eaa1393-0a48-42f5-911e-bdf5909b3e61","CONFIRMED","2026-09-04T01:18:51.581+00:00","24000","12.00","2880","21120","2400","","","","","true","test-factory","false","false","false"
"development","6418998d-4036-4038-a37e-2cf9e436e1d3","a353228b-02fa-46a0-ac29-d46fe1d92040","4336fc31-fff5-4e7c-a00d-d7b856d627b1","CONFIRMED","2026-09-04T01:29:55.158+00:00","24000","12.00","2880","21120","2400","","","","","true","test-factory","false","false","false"
"development","17822b2e-4015-4eb5-9523-e65a1841d93e","c9691107-e247-49a3-805b-122644c2cb34","8e86e769-b82c-4d51-88d9-37f7a284f1c2","CONFIRMED","2026-09-04T01:37:50.987+00:00","24000","12.00","2880","21120","2400","","","","","true","test-factory","false","false","false"
"development","904caf99-047b-4d41-a55b-4bdeedab74a6","c930525d-0b16-42fd-a2a0-2d5b7721f5d2","f836944d-82bd-4bc4-af40-af18d52670dd","CONFIRMED","2026-09-04T01:50:43.28+00:00","24000","12.00","2880","21120","2400","","","","","true","test-factory","false","false","false"
"development","ded3e94c-2ca3-469f-b0f9-4e6418bc1ba7","3e99ec62-1b09-4b11-8cc5-eb4dc66042a0","01d5f179-4235-4ec7-bd00-5da90f320857","CONFIRMED","2026-09-04T02:03:26.588+00:00","24000","12.00","2880","21120","2400","","","","","true","test-factory","false","false","false"
"development","e4961c43-1695-441a-953f-4e8f838e3400","7b6eb02b-6603-44bc-bdf2-687f37861c3f","0517d2ff-e70a-4955-872f-dd2701b2dfda","CONFIRMED","2026-09-04T02:14:22.644+00:00","24000","12.00","2880","21120","2400","","","","","true","test-factory","false","false","false"
"development","4e93f13a-069a-4bdc-9951-561c6f86493a","35028a5d-d4a8-4fe3-b325-29943a88d717","04abbe1d-f29c-4446-ae26-e03f1ad8fcf6","CONFIRMED","2026-09-04T02:23:36.036+00:00","24000","12.00","2880","21120","2400","","","","","true","test-factory","false","false","false"
"development","99ae3fa3-3c93-450a-8f74-4c545b29ec17","2b0def35-7475-4f85-bc80-17d97ae918e2","60904616-9bd1-4a0d-8509-5cfd2635b805","CONFIRMED","2026-09-04T02:30:46.214+00:00","24000","12.00","2880","21120","2400","","","","","true","test-factory","false","false","false"
"development","d0e391ed-0326-41d6-9c93-952835fc3fa0","58f9c97d-13fa-494e-96d5-f458d7b465a1","84b90232-e678-46c0-989f-5153b7346663","CONFIRMED","2026-09-04T02:38:44.03+00:00","24000","12.00","2880","21120","2400","","","","","true","test-factory","false","false","false"
"development","1281b0ee-075a-4c7a-9582-d59aa73a3be3","dbaf4135-1a1b-4a98-9e12-8886d103f520","1ab83004-5482-42bc-9981-0fb453f5b9e2","CONFIRMED","2026-09-04T02:51:44.383+00:00","24000","12.00","2880","21120","2400","","","","","true","test-factory","false","false","false"
"development","445b8b99-52c4-421b-a0d3-1d51fef467d6","347111d5-d59d-4ac6-abed-d15479890d7a","f68e912e-ec61-4da2-8c91-ca31e8a45881","CONFIRMED","2026-09-05T17:41:15.786+00:00","24000","12.00","2880","21120","2400","","","","","true","test-factory","false","false","false"
"development","f4372955-5eb5-41bd-863f-234c8ff4aa41","c5749697-f0bf-499c-8622-5062df45332c","e49d36d1-8128-43a8-85dc-ea7e052d08a9","CONFIRMED","2026-09-05T17:50:11.519+00:00","24000","12.00","2880","21120","2400","","","","","true","test-factory","false","false","false"
"development","aab03a6d-424d-4a88-8284-147c1248860b","62a30918-dec3-465b-98ce-9e8552e223ef","ea4e75b6-50f4-4967-ab33-6ee35aac1e0a","CONFIRMED","2026-09-05T17:56:32.805+00:00","24000","12.00","2880","21120","2400","","","","","true","test-factory","false","false","false"
"development","2b937241-4677-4a83-860c-a12b3e8cc2be","e3ae97d2-738d-4412-a8fe-b22ace669453","b28db5c2-6004-414d-ad1d-85cd40ff2b92","CONFIRMED","2026-09-05T19:40:55.717+00:00","24000","12.00","2880","21120","2400","","","","","true","test-factory","false","false","false"
"development","0c25d125-560d-44b5-8578-25e5bdb88758","7e3aedc2-eb30-4777-93d1-8f757caa42cc","21d4430c-ecb3-4100-824b-a5f15797d007","CONFIRMED","2026-09-06T22:08:40.149+00:00","24000","12.00","2880","21120","2400","","","","","true","test-factory","false","false","false"
"development","016e829d-53ef-433d-8f7f-2388e857b1fb","c433e36f-5def-42df-986b-c8b5545f4811","86d86738-3bc1-46b8-abb2-43d7c6542e2d","CONFIRMED","2026-09-06T22:14:44.633+00:00","24000","12.00","2880","21120","2400","","","","","true","test-factory","false","false","false"
"development","79ea9b27-68c3-4e9a-8f59-579a73b6293f","50c53626-0cdb-48a7-ac4f-6da9fb40c403","f95a68a3-510e-43c6-8df6-ba40a8408729","CONFIRMED","2026-09-06T22:19:40.419+00:00","24000","12.00","2880","21120","2400","","","","","true","test-factory","false","false","false"
"development","edd48895-150a-4280-ac62-ee3b610120d4","9591bf04-a132-4f17-9b4e-836db5a16c23","b70b654a-2c25-4dc1-9637-6acb8faca71b","CONFIRMED","2026-09-07T13:00:36.192+00:00","24000","12.00","2880","21120","2400","","","","","true","test-factory","false","false","false"
"development","099128d6-9c54-415a-9e5e-67cad7116bdb","f4ff01da-8638-43ed-b31e-9c8b2d299215","176e6803-02d8-48d7-9093-4d21c317f4f8","CONFIRMED","2026-09-07T13:09:02.094+00:00","24000","12.00","2880","21120","2400","","","","","true","test-factory","false","false","false"
"development","74d3f037-de44-44b7-b064-3a4f0d06ca27","898642e7-7a46-4d9b-9f84-d4b69fd45d62","7618279f-e1f9-4540-a57c-d3818289ae6c","CONFIRMED","2026-09-07T13:15:59.437+00:00","24000","12.00","2880","21120","2400","","","","","true","test-factory","false","false","false"
"development","96dc1890-37c8-4ba3-9405-236d2cb601f7","01ae0136-8607-49b7-bd54-76872c33ea9c","6fba5721-fe8e-489e-b686-fa084d12a479","CONFIRMED","2026-09-07T14:01:18.205+00:00","24000","12.00","2880","21120","2400","","","","","true","test-factory","false","false","false"
"development","7a377738-b7fc-482e-8124-c70cc47687c6","f652d64c-6d23-4689-ae32-153c5a2559ec","a4e19931-fa86-41a9-a953-aee082d44611","CONFIRMED","2026-09-10T16:56:23.701+00:00","24000","12.00","2880","21120","2400","","","","","true","test-factory","false","false","false"
"development","bc9d138f-2b54-476a-9d94-5303f8e5f97c","03c98196-ae53-4ed0-8d4a-81ed725056f5","1551993e-c476-4089-b9b0-e50d66d96e92","CONFIRMED","2026-10-02T19:09:34.992+00:00","24000","12.00","2880","21120","2400","","","","","true","test-factory","false","false","false"
"development","5955478d-f847-4a37-9196-094a39967845","d8b24377-5456-4cb0-a9cb-880d4125d5a0","3ae7f6d6-c5f1-456f-bb81-9c88490cada4","CONFIRMED","2026-10-02T20:10:47.461+00:00","24000","12.00","2880","21120","2400","","","","","true","test-factory","false","false","false"
"production","69188639-f91b-4753-8b6f-ac7775dfb1bd","558cd105-d338-4fbb-ae04-08d0768f86bb","9e00af81-6246-4f6d-abbf-a3ab5788d7b7","ASSIGNED","2026-10-02T20:14:25.545+00:00","0","0.00","0","0","0","","","","","true","admin-test-persona","false","false","false"