case,project,file,test,category,correction,verification
1,chromium,apps/web/e2e/auth/b-confirmation-links.spec.ts,auth/b-confirmation-links.spec.ts › B3: reused confirmation link › B3: second click on same link fails cleanly with no session leak,"Non-rate: incorrect authentication, selector, or flow assumption",Navigate away before reusing the confirmation fragment; exercise a newly mounted confirmation flow.,Source correction present; current authenticated/browser execution not proven
2,chromium,apps/web/e2e/auth/d-signin.spec.ts,auth/d-signin.spec.ts › D1: correct credentials › D1: no error banner on successful sign-in,"Non-rate: incorrect authentication, selector, or flow assumption","Scope error assertions to the named Sign in region, excluding the Next accessibility announcer.",Source correction present; current authenticated/browser execution not proven
3,chromium,apps/web/e2e/auth/d-signin.spec.ts,"auth/d-signin.spec.ts › D2: incorrect password › D2: wrong password shows generic ""Invalid email or password"" error","Non-rate: incorrect authentication, selector, or flow assumption","Scope error assertions to the named Sign in region, excluding the Next accessibility announcer.",Source correction present; current authenticated/browser execution not proven
4,chromium,apps/web/e2e/auth/d-signin.spec.ts,auth/d-signin.spec.ts › D3: unconfirmed account sign-in › D3: email_not_confirmed shows targeted message with resend option,"Non-rate: incorrect authentication, selector, or flow assumption","Scope error assertions to the named Sign in region, excluding the Next accessibility announcer.",Source correction present; current authenticated/browser execution not proven
5,chromium,apps/web/e2e/auth/d-signin.spec.ts,auth/d-signin.spec.ts › D3: unconfirmed account sign-in › D3: resend from sign-in panel sends the confirmation and shows success,"Non-rate: incorrect authentication, selector, or flow assumption","Scope error assertions to the named Sign in region, excluding the Next accessibility announcer.",Source correction present; current authenticated/browser execution not proven
6,chromium,apps/web/e2e/auth/d-signin.spec.ts,auth/d-signin.spec.ts › D4: non-existent account enumeration safety › D4: non-existent account shows identical error to D2 (wrong password),"Non-rate: incorrect authentication, selector, or flow assumption","Scope error assertions to the named Sign in region, excluding the Next accessibility announcer.",Source correction present; current authenticated/browser execution not proven
7,chromium,apps/web/e2e/auth/d-signin.spec.ts,auth/d-signin.spec.ts › D4: non-existent account enumeration safety › D4: response time for non-existent vs wrong-password is not materially different,"Non-rate: incorrect authentication, selector, or flow assumption","Scope error assertions to the named Sign in region, excluding the Next accessibility announcer.",Source correction present; current authenticated/browser execution not proven
8,chromium,apps/web/e2e/auth/f-rate-limiting.spec.ts,auth/f-rate-limiting.spec.ts › F1: sign-in rate limit › F1-signin: 429 from Supabase token endpoint shows friendly message,"Non-rate: incorrect authentication, selector, or flow assumption",Scope the error assertion to its authentication region.,Source correction present; current authenticated/browser execution not proven
9,chromium,apps/web/e2e/auth/g-oauth.spec.ts,"auth/g-oauth.spec.ts › G6: unconfigured provider fails gracefully › G6: Google button that fails signInWithOAuth shows an error, not a white screen","Non-rate: incorrect authentication, selector, or flow assumption","Deliver provider errors through an OAuth callback redirect, not raw HTTP 400 on external authorization.",Source correction present; current authenticated/browser execution not proven
10,chromium,apps/web/e2e/auth/h-session-lifecycle.spec.ts,auth/h-session-lifecycle.spec.ts › H4: multi-tab sign-out › H4: sign-out in one page triggers SIGNED_OUT in a second page,"Non-rate: incorrect authentication, selector, or flow assumption",Use real cookie-backed sign-in/sign-out and a second-page protected orders navigation; no invented storage event.,Source correction present; current authenticated/browser execution not proven
11,chromium,apps/web/e2e/customer/discovery.spec.ts,customer/discovery.spec.ts › customer discovery permutations › allergen control sends the selected filter and only exposes the declared-dish fixture,"Non-rate: incorrect authentication, selector, or flow assumption",Existing source already uses the visible Dairy-free filter; no blind rewrite.,Source correction present; current authenticated/browser execution not proven
12,chromium,apps/web/e2e/oauth.spec.ts,oauth.spec.ts › 4. sign-in Apple button fires signInWithOAuth,"Non-rate: incorrect authentication, selector, or flow assumption","Assert actual Apple authorize navigation with provider=apple, not an obsolete rendered button assumption.",Source correction present; current authenticated/browser execution not proven
13,chromium,apps/web/e2e/register.spec.ts,register.spec.ts › 3. breached password shows specific data-breach message,"Non-rate: incorrect authentication, selector, or flow assumption",Scope registration alerts to Create account.,Source correction present; current authenticated/browser execution not proven
14,chromium,apps/web/e2e/register.spec.ts,register.spec.ts › 5. rate-limit response shows honest wait message,"Non-rate: incorrect authentication, selector, or flow assumption",Scope registration alerts to Create account.,Source correction present; current authenticated/browser execution not proven
15,chromium,apps/web/e2e/register.spec.ts,register.spec.ts › 6. server error shows maintenance message,"Non-rate: incorrect authentication, selector, or flow assumption",Scope registration alerts to Create account.,Source correction present; current authenticated/browser execution not proven
16,menu-screen,apps/vendor/e2e/menu-screen.spec.ts,menu-screen.spec.ts › T1: empty state to first live dish - photo and allergens declared - under 90 s - zero navigations,"Non-rate: incorrect authentication, selector, or flow assumption","Accept pending manual moderation, assert Pending review, use a real PNG, and allow setup overhead while retaining the 90-second task budget.",Source correction present; current authenticated/browser execution not proven
17,menu-screen,apps/vendor/e2e/menu-screen.spec.ts,menu-screen.spec.ts › T2: add second dish in a different category - under 45 s - zero navigations,"Non-rate: incorrect authentication, selector, or flow assumption",Fill the current category text input rather than selectOption; retain the 45-second task budget separately from setup.,Source correction present; current authenticated/browser execution not proven
18,menu-screen,apps/vendor/e2e/menu-screen.spec.ts,menu-screen.spec.ts › T6: publish blocked without allergen declaration - error shown - allergen section focused,"Non-rate: incorrect authentication, selector, or flow assumption",Assert and dismiss the blocking Allergen info required dialog before inspecting the underlying dish dialog and fieldset.,Source correction present; current authenticated/browser execution not proven
19,menu-screen-mobile,apps/vendor/e2e/menu-screen.spec.ts,menu-screen.spec.ts › T1: empty state to first live dish - photo and allergens declared - under 90 s - zero navigations,"Non-rate: incorrect authentication, selector, or flow assumption","Accept pending manual moderation, assert Pending review, use a real PNG, and allow setup overhead while retaining the 90-second task budget.",Source correction present; current authenticated/browser execution not proven
20,menu-screen-mobile,apps/vendor/e2e/menu-screen.spec.ts,menu-screen.spec.ts › T2: add second dish in a different category - under 45 s - zero navigations,"Non-rate: incorrect authentication, selector, or flow assumption",Fill the current category text input rather than selectOption; retain the 45-second task budget separately from setup.,Source correction present; current authenticated/browser execution not proven
21,menu-screen-mobile,apps/vendor/e2e/menu-screen.spec.ts,menu-screen.spec.ts › T6: publish blocked without allergen declaration - error shown - allergen section focused,"Non-rate: incorrect authentication, selector, or flow assumption",Assert and dismiss the blocking Allergen info required dialog before inspecting the underlying dish dialog and fieldset.,Source correction present; current authenticated/browser execution not proven
22,delivery-screen,apps/vendor/e2e/delivery-screen.spec.ts,delivery-screen.spec.ts › D1: set service area with radius - chips change when radius changes - under 60 s,"Non-rate: incorrect authentication, selector, or flow assumption",Existing task timer starts after initial navigation; correct the shared helper diagnostic.,Source correction present; current authenticated/browser execution not proven
23,delivery-screen,apps/vendor/e2e/delivery-screen.spec.ts,"delivery-screen.spec.ts › D6: every control on the delivery page produces an observable, correct consequence","Non-rate: incorrect authentication, selector, or flow assumption","Scope district visibility to the Kitchen postcode card, not duplicate district chips elsewhere.",Source correction present; current authenticated/browser execution not proven
24,vendor-lifecycle-evidence,apps/vendor/e2e/vendor-lifecycle-evidence.spec.ts,vendor-lifecycle-evidence.spec.ts › factory vendor lifecycle evidence chain › public application → A1 approval → vendor tax/document/menu/order/payout chain,"Non-rate: incorrect authentication, selector, or flow assumption",Use the genuine factory A2 administrator token for approval; no guard bypass.,Source correction present; current authenticated/browser execution not proven
25,jest,apps/api/src/e2e/admin-action-propagation.spec.ts,"Part B admin action propagation (factory-backed API contracts) approves an applicant, who can sign in to the vendor setup contract, while a live vendor is customer-discoverable","Non-rate: incorrect authentication, selector, or flow assumption","Use real AAL2 admin/compliance tokens, issue MFA serially, and publish numeric Vendor Terms versions.",Source correction present; current authenticated/browser execution not proven
26,jest,apps/api/src/e2e/admin-action-propagation.spec.ts,Part B admin action propagation (factory-backed API contracts) propagates suspension and low FHRS to the public customer search and provides a vendor reason/appeal contract,"Non-rate: incorrect authentication, selector, or flow assumption","Use real AAL2 admin/compliance tokens, issue MFA serially, and publish numeric Vendor Terms versions.",Source correction present; current authenticated/browser execution not proven
27,jest,apps/api/src/e2e/admin-action-propagation.spec.ts,"Part B admin action propagation (factory-backed API contracts) marks an expiring document renewal-due, then suspends it after day seven and removes its customer listing","Non-rate: incorrect authentication, selector, or flow assumption","Use real AAL2 admin/compliance tokens, issue MFA serially, and publish numeric Vendor Terms versions.",Source correction present; current authenticated/browser execution not proven
28,jest,apps/api/src/e2e/admin-action-propagation.spec.ts,"Part B admin action propagation (factory-backed API contracts) publishes terms and commission notices into the vendor contract, preserving historical order commission snapshots",Historic-order preservation: KEEP the original stored rate (failure cause was AAL1),"Use real AAL2 admin/compliance tokens, issue MFA serially, and publish numeric Vendor Terms versions.",Source correction present; current authenticated/browser execution not proven
29,jest,apps/api/src/e2e/admin-action-propagation.spec.ts,Part B admin action propagation (factory-backed API contracts) prompts the vendor to re-accept once the published material terms become effective,"Non-rate: incorrect authentication, selector, or flow assumption","Use real AAL2 admin/compliance tokens, issue MFA serially, and publish numeric Vendor Terms versions.",Source correction present; current authenticated/browser execution not proven
30,jest,apps/api/src/e2e/admin-action-propagation.spec.ts,Part B admin action propagation (factory-backed API contracts) applies the newly effective commission to a new order without rewriting the earlier order snapshot,Current engine plus historic preservation: new order 8%; earlier snapshot unchanged (failure cause was AAL1),"Use real AAL2 admin/compliance tokens, issue MFA serially, and publish numeric Vendor Terms versions.",Source correction present; current authenticated/browser execution not proven
31,jest,apps/api/src/e2e/admin-action-propagation.spec.ts,"Part B admin action propagation (factory-backed API contracts) refunds through the admin API and exposes the customer status, vendor payout deduction, and balanced ledger pair","Non-rate: incorrect authentication, selector, or flow assumption","Use real AAL2 admin/compliance tokens, issue MFA serially, and publish numeric Vendor Terms versions.",Source correction present; current authenticated/browser execution not proven
32,jest,apps/api/src/e2e/admin-action-propagation.spec.ts,"Part B admin action propagation (factory-backed API contracts) makes approval public, keeps rejection private with its reason, and propagates dispute outcomes to both contracts","Non-rate: incorrect authentication, selector, or flow assumption","Use real AAL2 admin/compliance tokens, issue MFA serially, and publish numeric Vendor Terms versions.",Source correction present; current authenticated/browser execution not proven
33,jest,apps/api/src/e2e/admin-authoritative-actions.spec.ts,admin authoritative actions (factory JWTs and persisted state) approves an application and persists the provisioned vendor linkage,"Non-rate: incorrect authentication, selector, or flow assumption",Use real AAL2 admin/compliance tokens and genuine MFA for denied staff roles; numeric Vendor Terms versions preserve intended validation.,Source correction present; current authenticated/browser execution not proven
34,jest,apps/api/src/e2e/admin-authoritative-actions.spec.ts,admin authoritative actions (factory JWTs and persisted state) persists an application rejection reason through the real admin API,"Non-rate: incorrect authentication, selector, or flow assumption",Use real AAL2 admin/compliance tokens and genuine MFA for denied staff roles; numeric Vendor Terms versions preserve intended validation.,Source correction present; current authenticated/browser execution not proven
35,jest,apps/api/src/e2e/admin-authoritative-actions.spec.ts,"admin authoritative actions (factory JWTs and persisted state) rejects unsafe enforcement and atomically persists urgent notice, status, and audit","Non-rate: incorrect authentication, selector, or flow assumption",Use real AAL2 admin/compliance tokens and genuine MFA for denied staff roles; numeric Vendor Terms versions preserve intended validation.,Source correction present; current authenticated/browser execution not proven
36,jest,apps/api/src/e2e/admin-authoritative-actions.spec.ts,admin authoritative actions (factory JWTs and persisted state) enforces 30-day termination notice but accepts serious cause and preserves actor provenance,"Non-rate: incorrect authentication, selector, or flow assumption",Use real AAL2 admin/compliance tokens and genuine MFA for denied staff roles; numeric Vendor Terms versions preserve intended validation.,Source correction present; current authenticated/browser execution not proven
37,jest,apps/api/src/e2e/admin-authoritative-actions.spec.ts,admin authoritative actions (factory JWTs and persisted state) rejects short-notice and unsigned vendor terms without writing a version,"Non-rate: incorrect authentication, selector, or flow assumption",Use real AAL2 admin/compliance tokens and genuine MFA for denied staff roles; numeric Vendor Terms versions preserve intended validation.,Source correction present; current authenticated/browser execution not proven
38,jest,apps/api/src/e2e/admin-authoritative-actions.spec.ts,admin authoritative actions (factory JWTs and persisted state) does not allow an increased commission rate to bypass 15-day notice,"Non-rate: incorrect authentication, selector, or flow assumption",Use real AAL2 admin/compliance tokens and genuine MFA for denied staff roles; numeric Vendor Terms versions preserve intended validation.,Source correction present; current authenticated/browser execution not proven
39,jest,apps/api/src/e2e/admin-authoritative-actions.spec.ts,admin authoritative actions (factory JWTs and persisted state) persists catering SLA triage outcome and operator note,"Non-rate: incorrect authentication, selector, or flow assumption",Use real AAL2 admin/compliance tokens and genuine MFA for denied staff roles; numeric Vendor Terms versions preserve intended validation.,Source correction present; current authenticated/browser execution not proven
40,jest,apps/api/src/e2e/admin-authoritative-actions.spec.ts,"admin authoritative actions (factory JWTs and persisted state) exports complete, independently verifiable terms and enforcement evidence","Non-rate: incorrect authentication, selector, or flow assumption",Use real AAL2 admin/compliance tokens and genuine MFA for denied staff roles; numeric Vendor Terms versions preserve intended validation.,Source correction present; current authenticated/browser execution not proven
41,jest,apps/api/src/e2e/admin-authoritative-actions.spec.ts,"admin authoritative actions (factory JWTs and persisted state) persists vendor response/decision, enforces appeal timing and independent stage 2, and reverses payout","Non-rate: incorrect authentication, selector, or flow assumption",Use real AAL2 admin/compliance tokens and genuine MFA for denied staff roles; numeric Vendor Terms versions preserve intended validation.,Source correction present; current authenticated/browser execution not proven
42,jest,apps/api/src/e2e/cross-surface-reverse-propagation.spec.ts,cross-surface reverse propagation (factory-backed) carries an uncovered-postcode signup from the public form to the admin coverage waitlist,"Non-rate: incorrect authentication, selector, or flow assumption","Use the genuine factory A2 access token, not password sign-in that downgrades to AAL1.",Source correction present; current authenticated/browser execution not proven
43,jest,apps/api/src/e2e/cross-surface-reverse-propagation.spec.ts,cross-surface reverse propagation (factory-backed) carries a public catering enquiry to operations with its new-enquiry SLA clock intact,"Non-rate: incorrect authentication, selector, or flow assumption","Use the genuine factory A2 access token, not password sign-in that downgrades to AAL1.",Source correction present; current authenticated/browser execution not proven
44,jest,apps/api/src/e2e/cross-surface-reverse-propagation.spec.ts,cross-surface reverse propagation (factory-backed) carries a customer review to the operations moderation queue,"Non-rate: incorrect authentication, selector, or flow assumption","Use the genuine factory A2 access token, not password sign-in that downgrades to AAL1.",Source correction present; current authenticated/browser execution not proven
45,jest,apps/api/src/e2e/cross-surface-reverse-propagation.spec.ts,cross-surface reverse propagation (factory-backed) carries a vendor document to the compliance receiving surface using test-mode storage,"Non-rate: incorrect authentication, selector, or flow assumption","Use the genuine factory A2 access token, not password sign-in that downgrades to AAL1.",Source correction present; current authenticated/browser execution not proven
46,jest,apps/api/src/e2e/cross-surface-reverse-propagation.spec.ts,cross-surface reverse propagation (factory-backed) carries a vendor-created item to the menu moderation queue,"Non-rate: incorrect authentication, selector, or flow assumption","Use the genuine factory A2 access token, not password sign-in that downgrades to AAL1.",Source correction present; current authenticated/browser execution not proven
47,jest,apps/api/src/e2e/cross-surface-reverse-propagation.spec.ts,cross-surface reverse propagation (factory-backed) carries a failed notification job to the administrator dead-letter surface,"Non-rate: incorrect authentication, selector, or flow assumption","Use the genuine factory A2 access token, not password sign-in that downgrades to AAL1.",Source correction present; current authenticated/browser execution not proven
48,jest,apps/api/src/e2e/cross-surface-reverse-propagation.spec.ts,cross-surface reverse propagation (factory-backed) carries a test-mode Stripe dispute delivery to finance chargebacks with its evidence deadline,"Non-rate: incorrect authentication, selector, or flow assumption","Use the genuine factory A2 access token, not password sign-in that downgrades to AAL1.",Source correction present; current authenticated/browser execution not proven
49,jest,apps/api/src/modules/catering-bookings/catering-deposit.spec.ts,catering deposit lifecycle guards rejects and expires an expired event quote before creating a payment,"Non-rate: incorrect authentication, selector, or flow assumption","Existing vendor.findUnique mock supplies an orderable vendor so expiry, not the earlier vendor guard, is what is tested.",Passed in the measured API unit/database suite
